<?xml version="1.0" encoding="UTF-8"?>
<ExtensionManifest Version="6.0" ExtensionBundleId="com.adobe.ccx.start" ExtensionBundleVersion="2.16.0.8"
		ExtensionBundleName="Adobe CCX-Start" xmlns:xsi="http://www.w3.org/2001/XMLSchema-instance" SHA="0a390f68">
	<ExtensionList>
		<Extension Id="com.adobe.ccx.start" Version="2.16.0.8" />
	</ExtensionList>
	<ExecutionEnvironment>
		<HostList>
			<Host Name="AEFT" Version="[17.1.1,99.9]" />
			<Host Name="IDSN" Version="[15.1,99.9]" />
			<Host Name="ILST" Version="[24.0,99.9]" />
			<Host Name="PHXS" Version="[21.0,99.9]" />
			<Host Name="PPRO" Version="[14.3,99.9]" />
		</HostList>
		<LocaleList>
			<Locale Code="All" />
		</LocaleList>
		<RequiredRuntimeList>
			<RequiredRuntime Name="CSXS" Version="6.0" />
		</RequiredRuntimeList>
	</ExecutionEnvironment>
	<DispatchInfoList>
		<Extension Id="com.adobe.ccx.start">
			<DispatchInfo >
				<Resources>
					<MainPath>./index.html?v=2.16.0.8</MainPath>
					<ScriptPath>./hostbridge.jsx</ScriptPath>
					<CEFCommandLine>
						<Parameter>--nodejs-disabled</Parameter>
						<Parameter>--high-dpi-support=1</Parameter>
						<Parameter>--disable-pinch</Parameter>
					</CEFCommandLine>
				</Resources>
				<Lifecycle>
					<AutoVisible>true</AutoVisible>
				</Lifecycle>
				<UI>
					<Type>Dashboard</Type>
					<Menu>%CCX_START_PANEL_NAME</Menu>
					<Geometry>
						<Size>
							<Height>720</Height>
							<Width>1134</Width>
						</Size>
						<MaxSize>
							<Height>1080</Height>
							<Width>1920</Width>
						</MaxSize>
						<MinSize>
							<Height>720</Height>
							<Width>1134</Width>
						</MinSize>
					</Geometry>
				</UI>
			</DispatchInfo>
			<DispatchInfo Host="PPRO">
				<UI>
					<Type>Modeless</Type>
					<Geometry>
						<ScreenPercentage>
							<Height>90%</Height>
							<Width>90%</Width>
						</ScreenPercentage>
					</Geometry>
				</UI>
			</DispatchInfo>
			<DispatchInfo Host="AEFT">
				<UI>
					<Type>Modeless</Type>
					<Geometry>
						<ScreenPercentage>
							<Height>90%</Height>
							<Width>90%</Width>
						</ScreenPercentage>
					</Geometry>
				</UI>
			</DispatchInfo>
		</Extension>
	</DispatchInfoList>
</ExtensionManifest>
